{
  "data": [
    {
      "id": "0817",
      "name": "Rajesh",
      "pnumber": "9966843353",
      "age": "36"
    }
  ],
  "employeelist": [
    {
      "id": "150f",
      "empfname": "Rajesh",
      "emplname": "Pandilla",
      "empid": "20210265",
      "empemail": "raj@gmail.com"
    },
    {
      "id": "8090",
      "empfname": "Rajesh",
      "emplname": "Pandilla",
      "empid": "20210265",
      "empemail": "raj@gmail.com"
    },
    {
      "id": "f4a3",
      "empfname": "Rajesh",
      "emplname": "Pandilla",
      "empid": "20210265",
      "empemail": "raj@gmail.com"
    },
    {
      "id": "fb99",
      "empfname": "Rajesh",
      "emplname": "Pandilla",
      "empid": "20210265",
      "empemail": "raj@gmail.com"
    }
  ]
}